Taxa,/N/dc2/scratch/hleffler/kraken_report/SRR9649760_kraken_report, /N/dc2/scratch/hleffler/kraken_report/SRR9649757_kraken_report, /N/dc2/scratch/hleffler/kraken_report/SRR9649758_kraken_report, /N/dc2/scratch/hleffler/kraken_report/SRR9649759_kraken_report, /N/dc2/scratch/hleffler/kraken_report/SRR9649755_kraken_report, /N/dc2/scratch/hleffler/kraken_report/SRR9649754_kraken_report, /N/dc2/scratch/hleffler/kraken_report/SRR9649756_kraken_report
Pseudomonadaceae,78249, 103170, 81428, 76970, 75855, 69162, 92573
Moraxellaceae,9420, 6299, 10383, 10311, 6685, 3269, 9622
Enterobacteriaceae,31660, 27116, 34082, 31873, 24965, 16778, 33615
Yersiniaceae,10822, 10059, 11797, 11142, 8788, 6248, 11620
Pectobacteriaceae,8013, 6003, 8659, 8305, 5304, 3641, 8278
Erwiniaceae,5890, 5852, 6369, 5712, 5444, 3456, 6684
Morganellaceae,5324, 2924, 6035, 5840, 3204, 1541, 5690
Hafniaceae,2475, 1949, 2853, 2516, 1605, 1228, 2544
Budviciaceae,435, 487, 502, 404, 418, 254, 445
Xanthomonadaceae,31331, 42466, 32098, 30782, 28960, 29294, 37089
Rhodanobacteraceae,5917, 9305, 6063, 5665, 6056, 6485, 6971
Alteromonadaceae,12099, 12489, 13344, 12915, 8265, 5696, 12001
Shewanellaceae,8243, 6062, 9345, 8759, 5971, 3456, 8739
Pseudoalteromonadaceae,4887, 3110, 5422, 5334, 2970, 1651, 4842
Colwelliaceae,2470, 1359, 2868, 2844, 1464, 703, 2592
Idiomarinaceae,830, 671, 848, 769, 515, 360, 753
Psychromonadaceae,580, 251, 708, 434, 287, 101, 350
Ferrimonadaceae,465, 601, 498, 605, 432, 406, 630
Moritellaceae,278, 231, 321, 256, 240, 114, 277
Chromatiaceae,10646, 11452, 11110, 10543, 8704, 7174, 11987
Ectothiorhodospiraceae,9662, 14087, 10162, 9862, 8981, 9271, 11626
Granulosicoccaceae,2828, 1719, 2623, 1346, 2144, 845, 1617
Wenzhouxiangellaceae,980, 1347, 1148, 1119, 806, 869, 1366
Thioalkalispiraceae,767, 1211, 831, 809, 832, 757, 1038
Halothiobacillaceae,632, 801, 598, 563, 652, 520, 770
Woeseiaceae,398, 2270, 414, 454, 467, 2142, 601
Halomonadaceae,11697, 16932, 12204, 11762, 11451, 10788, 13817
Alcanivoracaceae,2752, 3553, 3026, 2710, 2417, 2191, 3081
Oceanospirillaceae,2535, 2092, 2824, 2635, 1693, 1096, 2675
Saccharospirillaceae,854, 984, 1012, 1029, 809, 616, 1078
Hahellaceae,681, 959, 722, 629, 760, 597, 771
Kangiellaceae,609, 534, 670, 677, 535, 290, 677
Endozoicomonadaceae,464, 314, 475, 521, 333, 153, 632
Oleiphilaceae,448, 306, 522, 556, 292, 172, 465
Vibrionaceae,12607, 8593, 14295, 13694, 8822, 4592, 13046
Aeromonadaceae,8447, 9920, 8874, 8961, 8153, 6473, 10653
Methylococcaceae,8382, 6896, 8945, 9075, 5307, 4537, 9230
Piscirickettsiaceae,2724, 2342, 2954, 2989, 1925, 997, 2976
Francisellaceae,2323, 918, 2625, 2509, 1145, 491, 2079
Thiotrichaceae,1949, 710, 2138, 2153, 583, 266, 1537
Legionellaceae,5270, 3352, 6067, 5325, 3216, 1621, 4981
Coxiellaceae,1364, 956, 1450, 1462, 1045, 524, 1302
Cellvibrionaceae,2668, 2106, 2944, 3157, 1654, 1304, 3031
Microbulbiferaceae,1868, 2209, 1971, 2172, 1523, 1424, 2440
Halieaceae,1231, 2172, 1404, 1205, 1555, 1445, 1554
Spongiibacteraceae,655, 796, 806, 646, 685, 493, 801
Pasteurellaceae,5041, 3096, 5593, 5169, 3379, 1523, 4834
Acidiferrobacteraceae,3345, 4408, 3881, 3341, 2610, 3013, 3779
Sinobacteraceae,1348, 2638, 1317, 1282, 1566, 1864, 1704
Immundisolibacteraceae,988, 1305, 1066, 1068, 794, 963, 1333
Orbaceae,601, 204, 715, 502, 242, 92, 406
Salinisphaeraceae,552, 928, 534, 463, 576, 633, 672
Cardiobacteriaceae,288, 500, 293, 283, 353, 304, 388
Bradyrhizobiaceae,30467, 60559, 31709, 28706, 34253, 44448, 34907
Rhizobiaceae,28286, 45128, 29605, 28120, 29871, 30282, 31800
Phyllobacteriaceae,17819, 32807, 18577, 16755, 18711, 22824, 20310
Methylobacteriaceae,14636, 31241, 14755, 12779, 18008, 22873, 16695
Hyphomicrobiaceae,8135, 15121, 8713, 8256, 10379, 10607, 8846
Xanthobacteraceae,3819, 8153, 3983, 3472, 4630, 5664, 4469
Methylocystaceae,2800, 6081, 2942, 2333, 3426, 4279, 3131
Beijerinckiaceae,2781, 4418, 2919, 2755, 2719, 3169, 2965
Aurantimonadaceae,2010, 3522, 2173, 2030, 2394, 2559, 2636
Bartonellaceae,1924, 1234, 2358, 2366, 1467, 634, 2101
Rhodobiaceae,1513, 3220, 1611, 1319, 1741, 2174, 1695
Brucellaceae,1454, 1847, 1376, 1461, 1543, 1095, 1695
Chelatococcaceae,1225, 2463, 1236, 1335, 1412, 1866, 1658
Cohaesibacteraceae,959, 1978, 970, 950, 1154, 1309, 1179
Rhodobacteraceae,42986, 85173, 44607, 45572, 47122, 54150, 55030
Hyphomonadaceae,1618, 2898, 1791, 1580, 2023, 1965, 2027
Sphingomonadaceae,30105, 50255, 31251, 29602, 31709, 36238, 35899
Erythrobacteraceae,9382, 14223, 9623, 8980, 9106, 9842, 10425
Rhodospirillaceae,22708, 50757, 23538, 21958, 24215, 39153, 25783
Acetobacteraceae,14544, 26771, 15156, 14043, 14820, 20138, 15755
Caulobacteraceae,11709, 20412, 11902, 10609, 12671, 14816, 13470
Rickettsiaceae,2833, 1131, 3414, 3149, 1934, 560, 2751
Anaplasmataceae,1462, 893, 1612, 1513, 1143, 480, 1329
Candidatus Midichloriaceae,179, 109, 200, 230, 134, 43, 151
Candidatus Deianiraeaceae,162, 45, 157, 98, 65, 35, 86
Pelagibacteraceae,1426, 601, 1665, 1731, 671, 305, 1378
Emcibacteraceae,935, 951, 1108, 1019, 720, 603, 1031
Holosporaceae,230, 154, 263, 284, 176, 98, 260
Caedimonadaceae,224, 91, 262, 128, 102, 59, 89
Candidatus Paracaedibacteraceae,109, 159, 158, 129, 129, 87, 143
Magnetococcaceae,543, 793, 595, 675, 488, 361, 694
Parvularculaceae,299, 358, 269, 291, 263, 237, 320
Desulfobacteraceae,41406, 19858, 48086, 42648, 23376, 6904, 33828
Desulfobulbaceae,7782, 4835, 8423, 9848, 6022, 2171, 9052
Myxococcaceae,10195, 15528, 9857, 8997, 11456, 11067, 11530
Archangiaceae,7364, 10586, 7436, 6924, 7691, 7705, 8765
Anaeromyxobacteraceae,5458, 9384, 5484, 4778, 6133, 6763, 6575
Vulgatibacteraceae,1183, 2311, 1166, 1001, 1386, 1552, 1338
Polyangiaceae,12238, 20932, 12133, 10850, 13672, 15141, 15173
Sandaracinaceae,2258, 4451, 2076, 1964, 2539, 3328, 2731
Labilitrichaceae,1502, 2731, 1507, 1306, 1822, 2050, 1924
Kofleriaceae,2812, 5109, 2801, 2840, 3089, 3652, 3816
Geobacteraceae,23764, 21001, 25091, 25590, 19156, 13193, 25992
Desulfuromonadaceae,11097, 9723, 12410, 11620, 8216, 6059, 11314
Desulfovibrionaceae,26859, 23662, 29088, 27502, 23127, 13257, 28477
Desulfomicrobiaceae,2042, 2136, 2078, 2052, 2072, 1074, 2302
Desulfohalobiaceae,1774, 1058, 1976, 1795, 1083, 472, 1469
Syntrophobacteraceae,15520, 6400, 17074, 16490, 7341, 2550, 13363
Syntrophaceae,8228, 4271, 9021, 9034, 5280, 1797, 7895
Candidatus Desulfofervidaceae,4469, 415, 4976, 5537, 772, 238, 3780
Bradymonadaceae,912, 1261, 946, 925, 982, 809, 1098
Desulfarculaceae,3036, 2926, 3265, 3180, 2982, 1644, 3466
Desulfurellaceae,1722, 272, 1834, 2107, 429, 171, 1486
Campylobacteraceae,11328, 5486, 12941, 12186, 7911, 2444, 11869
Helicobacteraceae,6797, 2631, 7964, 9057, 4306, 1154, 8487
Nautiliaceae,721, 431, 861, 853, 546, 206, 834
Burkholderiaceae,58776, 91130, 60280, 56975, 60526, 64516, 68818
Comamonadaceae,31212, 41346, 31605, 29519, 29147, 28446, 35922
Alcaligenaceae,23173, 31730, 24226, 21932, 23327, 21861, 26501
Oxalobacteraceae,17947, 23882, 18539, 17262, 17132, 16643, 20797
Sutterellaceae,578, 621, 592, 548, 467, 441, 600
Chromobacteriaceae,8063, 10011, 8144, 8230, 7373, 6596, 10066
Neisseriaceae,6146, 5325, 6541, 6514, 4481, 3383, 6590
Nitrosomonadaceae,4248, 2665, 4767, 4994, 2072, 1448, 4469
Sterolibacteriaceae,3161, 4605, 3388, 3264, 2861, 3040, 3718
Methylophilaceae,2062, 1812, 2241, 1995, 1691, 930, 2037
Gallionellaceae,1837, 2016, 1962, 2119, 1535, 1287, 2313
Thiobacillaceae,1174, 1894, 1207, 1034, 1138, 1236, 1415
Zoogloeaceae,7622, 14031, 7688, 7129, 8542, 9856, 9228
Rhodocyclaceae,1838, 2828, 1890, 1815, 2093, 1978, 2341
Azonexaceae,833, 1083, 882, 829, 776, 671, 944
Bdellovibrionaceae,2201, 1047, 2361, 2470, 1139, 589, 2079
Halobacteriovoraceae,592, 222, 668, 655, 273, 109, 558
Bacteriovoracaceae,173, 130, 204, 139, 156, 82, 117
Silvanigrellaceae,173, 125, 183, 202, 137, 53, 221
Acidithiobacillaceae,2662, 1850, 2879, 2873, 1699, 1108, 2727
Mariprofundaceae,1064, 790, 1114, 966, 642, 425, 1040
Hydrogenophilaceae,370, 349, 380, 441, 304, 232, 479
Streptomycetaceae,107763, 163259, 106636, 95737, 122175, 115501, 130024
Microbacteriaceae,31916, 50567, 32506, 28760, 37460, 36424, 39326
Micrococcaceae,17881, 22789, 18400, 16803, 18863, 15467, 21306
Intrasporangiaceae,7045, 10192, 7160, 6644, 7794, 7293, 9216
Cellulomonadaceae,4461, 6968, 4340, 3963, 5187, 5230, 5565
Dermabacteraceae,3967, 6009, 3993, 3746, 4818, 4223, 4983
Promicromonosporaceae,3653, 6745, 3813, 3199, 4874, 4622, 4600
Brevibacteriaceae,2349, 3350, 2380, 2143, 2655, 2253, 2883
Bogoriellaceae,1585, 2810, 1688, 1494, 2032, 1954, 2009
Dermacoccaceae,1469, 1963, 1477, 1374, 1533, 1430, 1804
Beutenbergiaceae,1203, 1958, 1168, 990, 1529, 1451, 1530
Dermatophilaceae,648, 642, 632, 585, 573, 449, 834
Ruaniaceae,505, 895, 481, 448, 650, 589, 594
Sanguibacteraceae,404, 886, 417, 307, 626, 562, 494
Jonesiaceae,93, 130, 126, 83, 126, 78, 127
Mycobacteriaceae,29135, 42845, 29308, 26846, 31448, 30087, 34365
Nocardiaceae,21811, 33989, 22075, 20314, 24469, 24536, 27310
Corynebacteriaceae,16167, 18293, 16591, 15572, 16028, 12328, 18645
Gordoniaceae,5125, 8175, 5091, 4587, 5956, 5766, 6400
Dietziaceae,1979, 2894, 1972, 1812, 2133, 1963, 2530
Tsukamurellaceae,1789, 2769, 1711, 1505, 1961, 1991, 1914
Segniliparaceae,219, 404, 217, 195, 304, 272, 273
Micromonosporaceae,29355, 42625, 29008, 26874, 31469, 30230, 35461
Pseudonocardiaceae,29246, 47042, 29521, 26278, 34001, 32881, 35818
Nocardioidaceae,16876, 27347, 16790, 15089, 19607, 19787, 21048
Propionibacteriaceae,10613, 13424, 10567, 9874, 11277, 9280, 12896
Streptosporangiaceae,4846, 6989, 4938, 4514, 5219, 4871, 5698
Nocardiopsaceae,4086, 5568, 4022, 3652, 4330, 3857, 4885
Thermomonosporaceae,3632, 5028, 3546, 3433, 3698, 3713, 4160
Actinomycetaceae,9518, 11567, 9654, 8876, 10150, 7807, 11286
Frankiaceae,6052, 9756, 6158, 5301, 6842, 7042, 7555
Bifidobacteriaceae,5754, 5344, 6173, 5341, 5085, 3547, 6294
Jiangellaceae,2828, 4242, 2789, 2558, 3087, 2811, 3417
Geodermatophilaceae,2826, 4404, 2858, 2409, 3316, 3150, 3690
Nakamurellaceae,1702, 2472, 1747, 1698, 1815, 1624, 2090
Glycomycetaceae,1438, 1455, 1510, 1425, 1324, 1055, 1786
Catenulisporaceae,1279, 2054, 1250, 1117, 1484, 1362, 1557
Candidatus Nanopelagicaceae,1191, 570, 1322, 1051, 781, 366, 1028
Kineosporiaceae,828, 1156, 774, 728, 889, 825, 970
Actinopolysporaceae,488, 761, 516, 490, 553, 536, 624
Acidothermaceae,455, 433, 451, 509, 393, 345, 600
Eggerthellaceae,5087, 5066, 5125, 4883, 4860, 3385, 6024
Atopobiaceae,2616, 2952, 2605, 2479, 2875, 2055, 3110
Coriobacteriaceae,1133, 1246, 1179, 1066, 1189, 847, 1560
Rubrobacteraceae,4365, 4163, 4546, 4576, 3577, 2802, 5114
Baekduiaceae,1532, 2360, 1589, 1408, 1719, 1669, 1934
Euzebyaceae,1092, 1777, 1149, 1008, 1380, 1213, 1427
Egibacteraceae,937, 1454, 932, 901, 1101, 1137, 1303
Egicoccaceae,835, 1451, 750, 736, 1064, 1056, 1126
Conexibacteraceae,1467, 2595, 1436, 1202, 1820, 1908, 1749
Acidimicrobiaceae,484, 604, 464, 450, 482, 415, 667
Bacillaceae,47816, 21357, 53982, 52105, 26892, 10989, 44236
Paenibacillaceae,35713, 22993, 39068, 36916, 25893, 13626, 36067
Staphylococcaceae,8065, 3308, 9324, 9376, 4487, 1545, 7992
Planococcaceae,5043, 3102, 5707, 5062, 3790, 1571, 5054
Alicyclobacillaceae,3199, 2940, 3197, 3128, 2750, 1920, 3449
Listeriaceae,1478, 918, 1786, 1717, 1133, 443, 1589
Thermoactinomycetaceae,1380, 1130, 1515, 1368, 1220, 732, 1564
Sporolactobacillaceae,507, 407, 595, 488, 410, 221, 455
Lactobacillaceae,10824, 5854, 12013, 11316, 7252, 3130, 10466
Streptococcaceae,10306, 4840, 11592, 11021, 6474, 2331, 10024
Enterococcaceae,5161, 2079, 6044, 5592, 2683, 993, 4798
Leuconostocaceae,1793, 1228, 1958, 1914, 1643, 611, 1813
Carnobacteriaceae,1608, 759, 1780, 1399, 997, 376, 1268
Aerococcaceae,601, 466, 700, 562, 643, 264, 651
Clostridiaceae,30567, 10406, 34891, 35116, 14723, 5217, 27488
Peptococcaceae,17817, 8988, 20054, 17525, 12740, 4268, 16681
Lachnospiraceae,14159, 5815, 15894, 14598, 7682, 3045, 12939
Ruminococcaceae,6443, 3726, 6990, 6751, 4513, 2149, 6521
Clostridiales Family XVII. Incertae Sedis,3194, 2991, 3188, 3006, 2748, 1991, 3771
Clostridiales Family XIII. Incertae Sedis,1344, 429, 1480, 1674, 568, 283, 1372
Clostridiales Family XVI. Incertae Sedis,842, 515, 996, 874, 811, 228, 939
Hungateiclostridiaceae,3720, 1526, 4171, 4097, 2065, 799, 3314
Peptostreptococcaceae,2803, 1102, 3032, 2831, 1389, 552, 2650
Eubacteriaceae,2521, 1654, 2917, 2775, 2092, 853, 2715
Christensenellaceae,1969, 1154, 2149, 1824, 1293, 724, 1984
Symbiobacteriaceae,1671, 1674, 1780, 1719, 1555, 1129, 2202
Oscillospiraceae,1371, 1099, 1427, 1389, 1258, 657, 1460
Heliobacteriaceae,1179, 690, 1226, 1192, 938, 448, 1270
Syntrophomonadaceae,1063, 714, 1240, 1079, 1055, 362, 1116
Vallitaleaceae,544, 184, 677, 446, 189, 73, 351
Thermoanaerobacteraceae,9335, 3970, 10347, 9506, 5916, 2308, 8628
Thermoanaerobacterales Family III. Incertae Sedis,6573, 1754, 7463, 6677, 2394, 889, 5043
Thermodesulfobiaceae,706, 227, 887, 681, 383, 131, 547
Thermoanaerobacterales Family IV. Incertae Sedis,348, 249, 381, 346, 345, 142, 344
Halanaerobiaceae,3406, 1082, 3756, 4392, 1508, 579, 3333
Halobacteroidaceae,1046, 463, 1159, 1214, 684, 241, 888
Natranaerobiaceae,551, 210, 663, 463, 244, 88, 333
Sporomusaceae,2699, 1526, 3092, 3028, 1943, 817, 2837
Selenomonadaceae,2640, 1785, 2860, 2648, 2059, 1219, 2861
Veillonellaceae,2954, 1554, 3193, 3344, 1950, 912, 3184
Acidaminococcaceae,957, 736, 1132, 851, 950, 388, 873
Peptoniphilaceae,1510, 834, 1734, 1428, 1119, 441, 1456
Tissierellaceae,625, 359, 737, 684, 498, 187, 656
Gottschalkiaceae,266, 147, 302, 253, 209, 60, 219
Limnochordaceae,1995, 1789, 1992, 2043, 1839, 1224, 2590
Erysipelotrichaceae,1678, 831, 1929, 1953, 1068, 434, 1833
Nostocaceae,17244, 3978, 19604, 17793, 4706, 1979, 13339
Rivulariaceae,7986, 2942, 8810, 8259, 3631, 1491, 7288
Aphanizomenonaceae,2302, 975, 2630, 2253, 1134, 409, 2074
Hapalosiphonaceae,1722, 558, 1767, 2202, 541, 301, 1799
Scytonemataceae,1438, 629, 1548, 1639, 649, 356, 1504
Tolypothrichaceae,0, 0, 0, 0, 0, 0, 0
Fortieaceae,0, 0, 0, 0, 0, 0, 0
Synechococcaceae,11002, 8864, 11758, 11380, 8974, 5473, 13175
Leptolyngbyaceae,2070, 1080, 2207, 1955, 1313, 696, 1775
Prochloraceae,1832, 720, 2105, 1952, 944, 379, 1635
Merismopediaceae,831, 370, 939, 1181, 453, 171, 1017
Pseudanabaenaceae,781, 447, 761, 682, 496, 221, 586
Prochlorotrichaceae,750, 451, 757, 881, 506, 286, 776
Chamaesiphonaceae,414, 371, 537, 461, 432, 183, 417
Acaryochloridaceae,369, 301, 348, 346, 313, 171, 398
Oscillatoriaceae,3686, 1797, 4316, 3814, 2128, 982, 3680
Microcoleaceae,2165, 1042, 2350, 2155, 1311, 548, 2148
Gomontiellaceae,2018, 223, 2189, 2425, 206, 92, 1743
Coleofasciculaceae,688, 617, 796, 809, 550, 396, 862
Cyanothecaceae,637, 327, 616, 764, 360, 187, 756
Aphanothecaceae,3056, 1225, 3499, 3343, 1530, 601, 2440
Chroococcaceae,2599, 905, 2905, 2600, 1090, 407, 2210
Microcystaceae,1657, 751, 1842, 2241, 891, 364, 1546
Cyanobacteriaceae,323, 792, 369, 276, 478, 201, 238
Gloeobacteraceae,1708, 1946, 1797, 1736, 1627, 1389, 2224
Hyellaceae,839, 229, 885, 956, 318, 133, 1025
Dermocarpellaceae,553, 288, 721, 555, 315, 167, 451
Chroococcidiopsidaceae,599, 487, 627, 523, 708, 188, 612
Gloeomargaritaceae,411, 278, 419, 434, 355, 173, 374
Ardenticatenaceae,9627, 3812, 9915, 10419, 5026, 1995, 12527
Anaerolineaceae,7534, 3660, 8142, 8647, 6629, 1539, 11266
Dehalococcoidaceae,2815, 1757, 3582, 1661, 5863, 956, 3161
Roseiflexaceae,3822, 2064, 4110, 3956, 2462, 1365, 4618
Chloroflexaceae,2075, 1286, 2203, 2170, 1607, 672, 2433
Caldilineaceae,3746, 1621, 3798, 3926, 2409, 897, 4777
Sphaerobacteraceae,2712, 1945, 2771, 2660, 2334, 1342, 3466
Thermomicrobiaceae,731, 751, 742, 710, 714, 469, 940
Deinococcaceae,10795, 11223, 10870, 10602, 9818, 7719, 12958
Trueperaceae,761, 920, 738, 726, 737, 613, 1009
Thermaceae,8258, 7941, 8290, 8153, 7736, 5186, 10188
Mycoplasmataceae,4456, 1987, 5207, 4940, 2703, 938, 4325
Spiroplasmataceae,1541, 781, 1850, 1604, 1017, 355, 1424
Entomoplasmataceae,554, 359, 601, 551, 409, 157, 577
Acholeplasmataceae,1115, 439, 1274, 1501, 576, 206, 1207
Fimbriimonadaceae,754, 799, 747, 795, 786, 555, 991
Chthonomonadaceae,591, 377, 558, 596, 504, 248, 714
Flavobacteriaceae,55831, 26647, 63285, 62628, 29803, 12722, 53754
Blattabacteriaceae,503, 253, 549, 598, 362, 152, 551
Crocinitomicaceae,226, 110, 270, 290, 145, 45, 257
Cryomorphaceae,204, 115, 227, 223, 148, 82, 244
Ichthyobacteriaceae,104, 66, 117, 117, 80, 33, 85
Bacteroidaceae,9447, 3195, 10792, 9989, 3860, 1658, 8391
Rikenellaceae,3210, 3271, 3173, 3060, 3140, 2173, 3681
Prevotellaceae,2748, 1694, 2857, 2835, 1958, 1018, 2726
Porphyromonadaceae,1620, 906, 1889, 1851, 1121, 525, 1585
Tannerellaceae,1432, 948, 1512, 1385, 1076, 608, 1231
Muribaculaceae,1005, 729, 1100, 1100, 782, 404, 1110
Odoribacteraceae,625, 332, 687, 612, 406, 236, 596
Paludibacteraceae,397, 174, 434, 489, 210, 70, 402
Dysgonamonadaceae,370, 217, 339, 380, 262, 114, 397
Barnesiellaceae,270, 239, 297, 333, 240, 168, 313
Prolixibacteraceae,1051, 556, 1298, 1202, 712, 263, 985
Salinivirgaceae,572, 270, 626, 666, 350, 94, 665
Marinifilaceae,409, 326, 444, 485, 340, 126, 440
Marinilabiliaceae,402, 201, 495, 492, 256, 109, 428
Hymenobacteraceae,8796, 8975, 9334, 8791, 8168, 5503, 9732
Cytophagaceae,6330, 5096, 6819, 6777, 5341, 3116, 7160
Cyclobacteriaceae,5336, 2067, 6043, 6715, 2473, 1167, 5522
Flammeovirgaceae,2091, 1103, 2445, 2290, 1287, 560, 1983
Amoebophilaceae,984, 175, 1117, 1253, 236, 73, 802
Bernardetiaceae,416, 187, 502, 365, 253, 74, 268
Sphingobacteriaceae,12313, 6824, 13986, 13137, 7907, 3439, 11437
Chitinophagaceae,9115, 4730, 10004, 11122, 5452, 2583, 10172
Rhodothermaceae,6561, 8704, 6829, 6344, 6774, 5641, 8128
Haliscomenobacteraceae,790, 505, 752, 769, 459, 301, 741
Saprospiraceae,222, 148, 251, 320, 144, 78, 349
Chlorobiaceae,9782, 5721, 10554, 10310, 6168, 3296, 9609
Ignavibacteriaceae,964, 827, 1141, 1020, 614, 359, 875
Melioribacteraceae,763, 467, 757, 715, 496, 233, 605
Gemmatimonadaceae,3524, 8239, 3481, 2898, 4888, 5699, 4106
Fibrobacteraceae,346, 269, 320, 330, 254, 136, 269
Planctomycetaceae,10514, 15472, 10922, 9229, 12868, 10238, 11194
Isosphaeraceae,7808, 12246, 7936, 7014, 9935, 8370, 9146
Gemmataceae,4644, 7694, 4693, 4061, 5966, 5040, 5149
Sedimentisphaeraceae,1922, 1745, 2194, 1907, 2038, 999, 1761
Phycisphaeraceae,1772, 2984, 1805, 1583, 2155, 2063, 1922
Candidatus Brocadiaceae,2741, 2876, 3133, 2719, 1681, 1845, 1946
Opitutaceae,6476, 8161, 6887, 5871, 6591, 5379, 6942
Puniceicoccaceae,1564, 635, 1788, 1278, 553, 288, 1046
Verrucomicrobiaceae,1858, 2393, 1964, 1606, 2073, 1530, 2099
Akkermansiaceae,1408, 877, 1505, 1518, 979, 569, 1495
Methylacidiphilaceae,902, 313, 1111, 977, 418, 181, 785
Kiritimatiellaceae,2128, 1557, 2105, 1911, 1730, 948, 1891
Parachlamydiaceae,790, 454, 875, 930, 556, 226, 829
Waddliaceae,133, 112, 138, 174, 173, 71, 240
Simkaniaceae,95, 125, 135, 98, 147, 94, 132
Chlamydiaceae,768, 516, 1017, 764, 711, 258, 815
Spirochaetaceae,9792, 5366, 11215, 10566, 6957, 2900, 9733
Borreliaceae,1552, 664, 1887, 1596, 962, 244, 1482
Leptospiraceae,2863, 1550, 3138, 2929, 1666, 860, 2535
Brachyspiraceae,1557, 654, 1859, 1678, 820, 317, 1375
Acidobacteriaceae,6107, 7390, 6297, 6482, 5985, 5073, 7192
Solibacteraceae,1667, 3097, 1696, 1523, 2197, 1991, 2065
Vicinamibacteraceae,1577, 3976, 1611, 1516, 2295, 2823, 2108
Fusobacteriaceae,4981, 1739, 5754, 5508, 2399, 776, 4492
Leptotrichiaceae,3273, 1108, 3640, 3689, 1465, 582, 3067
Thermotogaceae,3088, 1176, 3356, 3178, 1797, 658, 2519
Fervidobacteriaceae,2000, 643, 2217, 2175, 1014, 345, 1742
Petrotogaceae,1565, 386, 1759, 1816, 570, 187, 1469
Kosmotogaceae,1271, 421, 1440, 1504, 592, 207, 1204
Nitrospiraceae,5638, 5811, 6011, 5920, 4406, 3938, 6224
Synergistaceae,5213, 3154, 5572, 5602, 4229, 1971, 6049
Aquificaceae,2233, 790, 2438, 2528, 996, 414, 1865
Hydrogenothermaceae,1266, 421, 1396, 1484, 587, 243, 1180
Desulfurobacteriaceae,901, 448, 1029, 1178, 484, 291, 961
Deferribacteraceae,3627, 1421, 4141, 3939, 1889, 713, 3535
Candidatus Babeliaceae,155, 79, 198, 149, 149, 31, 155
Thermodesulfobacteriaceae,2644, 985, 2853, 3104, 1430, 428, 2673
Calditrichaceae,1438, 1161, 1640, 1542, 1262, 532, 1612
Endomicrobiaceae,737, 155, 809, 750, 235, 68, 511
Elusimicrobiaceae,149, 106, 170, 123, 119, 58, 120
Dictyoglomaceae,710, 292, 809, 708, 541, 126, 596
Chrysiogenaceae,607, 661, 706, 615, 612, 396, 818
Caldisericaceae,210, 93, 265, 183, 180, 62, 219
Coprothermobacteraceae,197, 91, 226, 185, 172, 53, 190
Methanosarcinaceae,71811, 3658, 79106, 73345, 6387, 1810, 56194
Methanotrichaceae,8958, 1029, 9212, 9510, 1890, 561, 6729
Methanomicrobiaceae,12000, 2001, 12417, 12022, 2906, 1171, 10094
Methanoregulaceae,7367, 1068, 7880, 7190, 1500, 557, 5414
Methanospirillaceae,2787, 167, 3180, 3141, 298, 76, 2306
Methanocorpusculaceae,1042, 95, 1167, 1140, 164, 68, 880
Methanocellaceae,6164, 1168, 6588, 5448, 1909, 673, 5005
Haloarculaceae,5294, 4229, 5318, 4790, 3900, 3046, 5357
Halobacteriaceae,4560, 3790, 4499, 4353, 3431, 2624, 4715
Haloferacaceae,5258, 3906, 5477, 5520, 3503, 2801, 5308
Halorubraceae,2958, 4033, 2967, 2343, 3221, 2814, 3192
Natrialbaceae,9005, 8584, 9499, 8365, 7087, 5964, 9016
Methanobacteriaceae,14198, 1764, 15633, 16003, 3079, 838, 11519
Methanothermaceae,1669, 116, 1913, 1721, 178, 44, 1019
Methanococcaceae,3246, 605, 3773, 3204, 1038, 274, 2359
Methanocaldococcaceae,2709, 470, 3007, 2988, 895, 237, 2247
Thermococcaceae,13961, 3969, 15400, 14305, 7136, 2168, 12836
Archaeoglobaceae,11363, 956, 12454, 10536, 1924, 459, 6778
Thermoplasmataceae,971, 115, 1093, 1176, 309, 66, 832
Cuniculiplasmataceae,802, 97, 919, 581, 183, 50, 320
Picrophilaceae,474, 48, 526, 306, 172, 30, 210
Ferroplasmaceae,375, 88, 448, 277, 150, 31, 239
Methanomassiliicoccaceae,1657, 286, 1693, 1526, 907, 110, 1469
Candidatus Methanomethylophilaceae,397, 159, 392, 232, 394, 97, 377
Methanopyraceae,740, 272, 844, 461, 480, 169, 523
Sulfolobaceae,2902, 910, 3161, 3188, 1644, 460, 2847
Desulfurococcaceae,2154, 589, 2623, 1788, 1170, 353, 1498
Pyrodictiaceae,573, 180, 659, 384, 353, 92, 338
Thermoproteaceae,1515, 930, 1492, 1339, 1523, 534, 1545
Thermofilaceae,978, 238, 1159, 1312, 476, 109, 923
Acidilobaceae,621, 230, 725, 667, 474, 130, 592
Caldisphaeraceae,306, 71, 329, 292, 121, 28, 307
Fervidicoccaceae,349, 50, 383, 274, 76, 21, 163
Nitrososphaeraceae,2090, 726, 2258, 2473, 1014, 393, 2255
Candidatus Nitrosocaldaceae,888, 99, 922, 961, 261, 41, 628
Nitrosopumilaceae,1633, 16022, 2013, 1278, 3497, 4561, 1076
Hominidae,109434, 43149, 123178, 115069, 55586, 21714, 99846
Myoviridae,1609, 925, 1802, 1859, 1071, 462, 1730
Siphoviridae,1303, 1773, 1441, 1277, 1578, 1028, 1425
Herelleviridae,314, 87, 348, 189, 126, 34, 143
Podoviridae,201, 310, 255, 191, 348, 146, 314
Ackermannviridae,22, 20, 23, 16, 30, 13, 19
Pithoviridae,12, 17, 9, 6, 18, 7, 16
Adomaviridae,0, 0, 0, 0, 0, 0, 0
Tospoviridae,30, 2, 35, 39, 0, 0, 16
Phenuiviridae,10, 9, 9, 12, 5, 3, 11
Peribunyaviridae,9, 6, 10, 7, 13, 2, 15
Nairoviridae,7, 10, 6, 10, 2, 0, 8
Arenaviridae,6, 3, 2, 2, 8, 7, 6
Hantaviridae,6, 2, 5, 4, 8, 5, 6
Fimoviridae,1, 2, 2, 2, 0, 0, 3
Phasmaviridae,1, 0, 0, 1, 3, 1, 2
Cruliviridae,0, 0, 0, 0, 0, 0, 0
Mypoviridae,0, 0, 0, 0, 0, 2, 0
Wupedeviridae,0, 0, 0, 0, 0, 0, 0
Orthomyxoviridae,1, 0, 1, 0, 0, 0, 4
Amnoonviridae,0, 0, 0, 0, 0, 0, 0
Rhabdoviridae,15, 21, 21, 22, 26, 11, 18
Bornaviridae,13, 2, 5, 3, 1, 0, 10
Paramyxoviridae,4, 10, 10, 7, 11, 4, 11
Pneumoviridae,3, 0, 1, 0, 2, 0, 0
Nyamiviridae,3, 2, 1, 0, 1, 1, 0
Filoviridae,2, 3, 0, 2, 1, 0, 1
Mymonaviridae,0, 0, 0, 0, 0, 0, 0
Sunviridae,0, 0, 0, 0, 0, 0, 0
Xinmoviridae,0, 0, 0, 0, 0, 0, 0
Artoviridae,0, 0, 0, 0, 0, 0, 0
Lispiviridae,0, 0, 0, 0, 2, 0, 0
Chuviridae,1, 0, 1, 0, 1, 0, 0
Aspiviridae,1, 0, 1, 0, 0, 0, 1
Qinviridae,0, 1, 0, 0, 1, 0, 0
Yueviridae,0, 0, 1, 1, 0, 0, 1
Fusariviridae,4, 0, 0, 0, 1, 0, 0
Coronaviridae,57, 19, 50, 32, 16, 8, 17
Tobaniviridae,3, 3, 4, 0, 6, 3, 2
Mononiviridae,1, 1, 0, 0, 1, 0, 1
Euroniviridae,1, 1, 0, 0, 3, 2, 0
Roniviridae,0, 0, 2, 1, 0, 0, 0
Arteriviridae,0, 4, 1, 3, 1, 5, 5
Mesoniviridae,0, 1, 1, 2, 2, 0, 1
Medioniviridae,0, 0, 0, 0, 0, 0, 0
Marnaviridae,16, 2, 16, 19, 0, 1, 6
Iflaviridae,11, 10, 6, 6, 6, 2, 2
Secoviridae,9, 7, 4, 4, 5, 3, 13
Picornaviridae,8, 18, 16, 11, 10, 10, 12
Polycipiviridae,2, 1, 3, 0, 0, 2, 0
Dicistroviridae,1, 0, 1, 1, 3, 1, 1
Narnaviridae,34, 4, 66, 17, 3, 1, 14
Virgaviridae,33, 2, 50, 50, 1, 2, 2
Endornaviridae,19, 4, 18, 15, 8, 0, 5
Closteroviridae,18, 10, 21, 22, 9, 4, 13
Astroviridae,18, 3, 6, 10, 2, 1, 18
Flaviviridae,16, 30, 18, 15, 20, 8, 21
Reoviridae,15, 21, 14, 13, 21, 6, 8
Tymoviridae,5, 6, 2, 3, 2, 5, 2
Alphaflexiviridae,4, 5, 1, 3, 3, 3, 3
Betaflexiviridae,2, 8, 9, 2, 5, 2, 4
Deltaflexiviridae,2, 0, 2, 0, 4, 1, 2
Gammaflexiviridae,0, 0, 0, 0, 0, 0, 0
Togaviridae,14, 7, 22, 26, 4, 3, 17
Bromoviridae,13, 1, 8, 15, 2, 3, 4
Caliciviridae,13, 2, 7, 12, 13, 2, 1
Potyviridae,8, 13, 12, 12, 22, 8, 15
Luteoviridae,6, 0, 11, 1, 3, 0, 10
Totiviridae,4, 4, 5, 6, 5, 2, 7
Megabirnaviridae,2, 0, 1, 3, 0, 0, 6
Hepeviridae,2, 1, 0, 1, 0, 1, 3
Partitiviridae,1, 3, 2, 6, 4, 2, 1
Kitaviridae,1, 0, 0, 0, 0, 1, 0
Amalgaviridae,1, 1, 0, 0, 1, 0, 4
Hypoviridae,0, 0, 1, 0, 3, 0, 2
Tombusviridae,0, 5, 0, 1, 5, 0, 0
Matonaviridae,0, 1, 0, 0, 0, 1, 0
Botourmiaviridae,0, 0, 0, 0, 0, 0, 0
Barnaviridae,0, 0, 0, 0, 0, 0, 0
Birnaviridae,0, 0, 0, 0, 0, 0, 0
Solemoviridae,0, 0, 1, 0, 2, 0, 0
Solinviviridae,0, 0, 1, 0, 0, 0, 0
Sarthroviridae,0, 0, 0, 0, 0, 0, 0
Benyviridae,0, 0, 0, 0, 0, 0, 0
Avsunviroidae,0, 0, 0, 0, 0, 0, 0
Quadriviridae,0, 0, 0, 0, 0, 0, 0
Permutotetraviridae,0, 0, 0, 0, 0, 0, 0
Carmotetraviridae,0, 0, 0, 0, 0, 0, 0
Alphatetraviridae,0, 0, 1, 0, 0, 0, 1
Alvernaviridae,0, 0, 0, 0, 0, 0, 0
Leviviridae,0, 0, 1, 4, 0, 0, 0
Picobirnaviridae,0, 0, 0, 0, 0, 0, 0
Nodaviridae,0, 0, 0, 0, 2, 2, 0
Cystoviridae,0, 2, 2, 0, 4, 1, 1
Pospiviroidae,0, 0, 0, 0, 0, 0, 0
Chrysoviridae,0, 1, 3, 4, 5, 2, 3
Herpesviridae,267, 303, 315, 244, 308, 201, 257
Alloherpesviridae,14, 45, 31, 21, 35, 24, 22
Malacoherpesviridae,7, 8, 3, 7, 7, 1, 9
Poxviridae,329, 196, 351, 251, 196, 131, 269
Mimiviridae,310, 127, 347, 270, 152, 50, 231
Phycodnaviridae,249, 215, 277, 194, 246, 91, 228
Iridoviridae,202, 52, 259, 139, 54, 29, 89
Baculoviridae,191, 169, 210, 170, 173, 95, 167
Fuselloviridae,97, 0, 132, 45, 2, 0, 20
Adenoviridae,79, 44, 116, 57, 55, 40, 59
Marseilleviridae,46, 35, 48, 63, 57, 20, 59
Tristromaviridae,41, 3, 33, 38, 9, 5, 20
Metaviridae,19, 1, 30, 25, 1, 1, 39
Retroviridae,3, 6, 7, 5, 8, 5, 2
Caulimoviridae,2, 10, 4, 8, 22, 5, 3
Sphaerolipoviridae,15, 21, 11, 9, 14, 14, 16
Geminiviridae,15, 13, 29, 15, 35, 7, 19
Polydnaviridae,14, 7, 17, 18, 15, 6, 14
Papillomaviridae,12, 17, 13, 9, 12, 13, 11
Rudiviridae,8, 4, 13, 15, 7, 3, 23
Lipothrixviridae,3, 4, 6, 9, 1, 1, 9
Ascoviridae,10, 7, 8, 9, 7, 4, 20
Microviridae,10, 6, 8, 8, 7, 4, 13
Bicaudaviridae,9, 7, 12, 6, 6, 1, 8
Nudiviridae,7, 9, 22, 22, 20, 7, 21
Lavidaviridae,6, 2, 7, 11, 0, 0, 15
Parvoviridae,6, 14, 16, 6, 13, 7, 8
Polyomaviridae,4, 7, 11, 4, 5, 6, 13
Hytrosaviridae,4, 2, 10, 5, 6, 0, 12
Inoviridae,4, 7, 3, 2, 3, 2, 3
Nimaviridae,3, 3, 7, 5, 3, 6, 10
Smacoviridae,2, 1, 2, 1, 1, 1, 0
Hepadnaviridae,2, 1, 3, 2, 1, 1, 2
Ampullaviridae,2, 0, 0, 2, 1, 2, 0
Tolecusatellitidae,2, 1, 1, 0, 3, 0, 2
Anelloviridae,1, 4, 5, 2, 9, 0, 6
Plasmaviridae,1, 0, 0, 1, 0, 0, 0
Pleolipoviridae,1, 2, 1, 0, 0, 0, 0
Genomoviridae,1, 2, 1, 2, 2, 6, 1
Circoviridae,1, 5, 1, 1, 9, 2, 5
Turriviridae,1, 0, 0, 0, 1, 0, 0
Bacilladnaviridae,0, 0, 0, 0, 1, 0, 0
Portogloboviridae,0, 0, 0, 0, 0, 0, 0
Ovaliviridae,0, 0, 0, 0, 0, 0, 1
Spiraviridae,0, 0, 0, 0, 0, 0, 0
Alphasatellitidae,0, 1, 2, 1, 2, 0, 1
Bidnaviridae,0, 0, 0, 0, 0, 0, 0
Clavaviridae,0, 0, 0, 0, 0, 0, 0
Guttaviridae,0, 0, 0, 0, 0, 0, 0
Globuloviridae,0, 0, 0, 0, 0, 1, 1
Nanoviridae,0, 1, 1, 3, 3, 0, 2
Asfarviridae,0, 5, 0, 0, 0, 0, 0
Corticoviridae,0, 0, 1, 0, 0, 0, 0
Tectiviridae,0, 0, 0, 0, 1, 0, 0
